Latitude_deg,Longitude_deg,Altitude_m
0.0,0.04966800496898393,99999.2417681478
0.0,0.0992636157638971,99998.41799414554
0.0,0.1487868344187776,99997.52474312042
0.0,0.19823766307300736,99996.55809204839
0.0,0.2476161039693623,99995.51412976068
0.0,0.2969221594520685,99994.38895695237
0.0,0.3461558319648632,99993.17868618667
0.0,0.3953171240490624,99991.87944190274
0.0,0.44440603834163245,99990.48736042134
0.0,0.493422577573269,99988.99858995248
0.0,0.5423667445664805,99987.4092906001
0.0,0.5912385422336769,99985.71563437115
0.0,0.640037973575265,99983.91380517976
0.0,0.6887650416777485,99981.9999988561
0.0,0.7374197497118349,99979.97042315057
0.0,0.786002100930546,99977.82129774173
0.0,0.8345120986673362,99975.5488542444
0.0,0.8829497463342145,99973.14933621394
0.0,0.9313150474198738,99970.61899915407
0.0,0.9796080054878252,99967.95411052345
0.0,1.0278286241745376,99965.15094974358
0.0,1.0759769071875822,99962.20580820367
0.0,1.124052858303786,99959.11498926906
0.0,1.1720564813673877,99955.87480828795
0.0,1.2199877802881987,99952.48159259767
0.0,1.2678467590397742,99948.93168153125
0.0,1.3156334216575847,99945.22142642736
0.0,1.3633477722371976,99941.34719063342
0.0,1.4109898149324613,99937.30534951552
0.0,1.4585595539536977,99933.09229046432
0.0,1.5060569935658978,99928.70441290317
0.0,1.5534821380869244,99924.13812829438
0.0,1.6008349918857208,99919.38986014761
0.0,1.6481155593805263,99914.45604402479
0.0,1.6953238450370933,99909.33312755218
0.0,1.742459853366915,99904.01757042296
0.0,1.7895235889254557,99898.50584440795
0.0,1.8365150563103885,99892.79443336185
0.0,1.8834342601598386,99886.87983323052
0.0,1.9302812051506308,99880.75855206046
0.0,1.9770558959965456,99874.42711000447
0.0,2.0237583374465777,99867.88203933137
0.0,2.0703885342832034,99861.1198844323
0.0,2.116946491320652,99854.13720182958
0.0,2.1634322134031843,99846.93056018534
0.0,2.2098457054033753,99839.49654030707
0.0,2.256186972220402,99831.83173515904
0.0,2.3024560187783427,99823.93274986884
0.0,2.3486528500244748,99815.7962017362
0.0,2.3947774709275818,99807.41872023977
0.0,2.440829886476268,99798.79694704828
0.0,2.486810101677273,99789.92753602774
0.0,2.5327181215538026,99780.8071532487
0.0,2.5785539511438524,99771.43247699854
0.0,2.6243175954985465,99761.80019778595
0.0,2.670009059680483,99751.907018353
0.0,2.7156283487620745,99741.74965368281
0.0,2.761175467823908,99731.32483100961
0.0,2.8066504219531034,99720.62928982452
0.0,2.8520532162416745,99709.65978189069
0.0,2.8973838557849074,99698.41307124705
0.0,2.942642345679733,99686.88593422063
0.0,2.9878286910231107,99675.07515943516
0.0,3.0329428969104204,99662.97754782042
0.0,3.077984968433853,99650.5899126234
0.0,3.1229549106808157,99637.90907941619
0.0,3.1678527287323357,99624.9318861072
0.0,3.2126784276614755,99611.65518295066
0.0,3.257432012531749,99598.07583255623
0.0,3.302113488395549,99584.19070990081
0.0,3.346722860292577,99569.99670233624
0.0,3.3912601332482764,99555.4907096026
0.0,3.435725312272281,99540.6696438368
0.0,3.480118402356859,99525.53042958328
0.0,3.52443940847537,99510.07000380638
0.0,3.5686883355807235,99494.28531589941
0.0,3.6128651886038474,99478.17332769558
0.0,3.6569699724521594,99461.73101348104
0.0,3.7010026920080445,99444.95536000445
0.0,3.744963352127342,99427.84336648835
0.0,3.788851957637835,99410.39204464061
0.0,3.8326685133377434,99392.59841866721
0.0,3.8764130239942345,99374.4595252825
0.0,3.9200854943419223,99355.9724137222
0.0,3.9636859290813895,99337.13414575369
0.0,4.007214332877704,99317.94179568905
0.0,4.050670710358946,99298.39245039877
0.0,4.094055066114746,99278.48320932151
0.0,4.137367404694814,99258.21118447743
0.0,4.180607730607494,99237.57350048143
0.0,4.223776048318309,99216.56729455548
0.0,4.26687236224852,99195.18971654167
0.0,4.309896676773694,99173.43792891433
0.0,4.352848996222262,99151.30910679488
0.0,4.395729324874107,99128.8004379631
0.0,4.438537666959142,99105.90912287193
0.0,4.481274026655889,99082.63237466174
0.0,4.5239384080900855,99058.96741917077
0.0,4.5665308153332775,99034.91149495379
0.0,4.609051252401431,99010.46185329114
0.0,4.651499723253539,98985.61575820763
0.0,4.69387623179024,98960.37048648275
0.0,4.736180781852452,98934.72332766769
0.0,4.778413377219992,98908.67158409953
0.0,4.82057402161022,98882.212570915
0.0,4.8626627186766855,98855.34361606673
0.0,4.904679472007768,98828.06206033845
0.0,4.946624285125341,98800.36525735748
0.0,4.9884971614834335,98772.25057361485
0.0,5.030298104466898,98743.71538847685
0.0,5.072027117390085,98714.75709420256
0.0,5.113684203495521,98685.37309595896
0.0,5.1552693659526065,98655.56081183907
0.0,5.196782607856301,98625.31767287524
0.0,5.238223932225822,98594.64112305804
0.0,5.279593342003365,98563.5286193511
0.0,5.320890840052805,98531.97763170977
0.0,5.362116429158415,98499.98564309627
0.0,5.403270112023603,98467.55014949711
0.0,5.444351891269633,98434.66865994269
0.0,5.485361769434376,98401.3386965217
0.0,5.526299748971045,98367.55779440026
0.0,5.567165832246951,98333.32350184
0.0,5.607960021542265,98298.63338021538
0.0,5.648682319048777,98263.4850040332
0.0,5.689332726868671,98227.87596094981
0.0,5.729911247013308,98191.8038517898
0.0,5.770417881402001,98155.26629056572
0.0,5.810852631860815,98118.26090449654
0.0,5.851215500121362,98080.78533402598
0.0,5.8915064878196,98042.83723284467
0.0,5.93172559649466,98004.41426790645
0.0,5.971872827587645,97965.5141194507
0.0,6.011948182440474,97926.13448102004
0.0,6.051951662294695,97886.27305948315
0.0,6.091883268290341,97845.92757505341
0.0,6.131743001464761,97805.09576130984
0.0,6.171530862751481,97763.77536521875
0.0,6.211246852979059,97721.96414715308
0.0,6.250890972869952,97679.65988091636
0.0,6.290463223039387,97636.86035376135
0.0,6.329963603994245,97593.56336641335
0.0,6.3693921161319444,97549.76673309226
0.0,6.408748759739331,97505.46828153357
0.0,6.448033534991588,97460.66585301142
0.0,6.487246441951133,97415.35730236163
0.0,6.526387480566539,97369.54049800313
0.0,6.565456650671455,97323.21332196309
0.0,6.604453951983535,97276.37366989767
0.0,6.643379384103371,97229.01945111784
0.0,6.682232946513444,97181.14858861058
0.0,6.721014638577058,97132.75901906635
0.0,6.7597244595373205,97083.84869289934
0.0,6.7983624085160885,97034.41557427426
0.0,6.836928484512948,96984.45764113078
0.0,6.875422686404192,96933.97288520797
0.0,6.913845012941813,96882.959312069
0.0,6.952195462752486,96831.41494112834
0.0,6.9904740343365805,96779.33780567418
0.0,7.028680726067168,96726.72595289815
0.0,7.06681553618903,96673.57744391845
0.0,7.104878462817696,96619.89035380678
0.0,7.142869503938464,96565.66277161613
0.0,7.180788657405445,96510.89280040748
0.0,7.218635920940611,96455.578557275
0.0,7.256411292132848,96399.71817337559
0.0,7.294114768437015,96343.30979395495
0.0,7.331746347173023,96286.35157837742
0.0,7.369306025524909,96228.84170015156
0.0,7.406793800539917,96170.77834696067
0.0,7.444209669127605,96112.15972069022
0.0,7.481553628058927,96052.98403745843
0.0,7.518825673965369,95993.24952764227
0.0,7.556025803338041,95932.95443591056
0.0,7.593154012526826,95872.09702125099
0.0,7.630210297739493,95810.67555700196
0.0,7.667194655040862,95748.6883308827
0.0,7.704107080351931,95686.13364502182
0.0,7.740947569449056,95623.00981599069
0.0,7.7777161179631085,95559.31517483294
0.0,7.814412721378648,95495.04806709732
0.0,7.85103737503312,95430.20685286704
0.0,7.887590074116032,95364.78990679467
0.0,7.924070813668165,95298.79561813176
0.0,7.960479588580785,95232.22239076393
0.0,7.996816393594856,95165.06864324026
0.0,8.03308122330027,95097.33280881122
0.0,8.06927407213508,95029.0133354566
0.0,8.105394934384757,94960.10868592351
0.0,8.141443804181426,94890.61733775912
0.0,8.177420675503143,94820.53778334381
0.0,8.213325542173163,94749.86852992768
0.0,8.24915839785922,94678.60809966363
0.0,8.284919236072815,94606.75502964342
0.0,8.320608050168524,94534.30787193472
0.0,8.3562248333433,94461.26519361301
0.0,8.391769578635788,94387.62557680253
0.0,8.427242278925661,94313.38761870842
0.0,8.462642926932956,94238.54993165727
0.0,8.497971515217415,94163.11114313081
0.0,8.533228036177842,94087.06989580533
0.0,8.568412482051476,94010.4248475898
0.0,8.603524844913357,93933.17467166227
0.0,8.638565116675728,93855.31805650843
0.0,8.673533289087406,93776.85370596219
0.0,8.708429353733212,93697.78033924219
0.0,8.743253302033366,93618.09669099306
0.0,8.778005125242933,93537.80151132424
0.0,8.812684814451247,93456.8935658487
0.0,8.847292360581347,93375.37163572735
0.0,8.881827754389462,93293.23451770423
0.0,8.916290986464457,93210.4810241519
0.0,8.950682047227314,93127.1099831101
0.0,8.985000926930622,93043.12023832975
0.0,9.019247615658083,92958.51064931182
0.0,9.05342210332401,92873.28009135346
0.0,9.087524379672859,92787.42745558708
0.0,9.121554434278753,92700.95164902578
0.0,9.155512256545032,92613.85159460711
0.0,9.1893978357038,92526.12623123289
0.0,9.223211160815495,92437.77451381949
0.0,9.25695222076847,92348.79541333625
0.0,9.290621004278574,92259.18791685463
0.0,9.324217499888748,92168.95102759078
0.0,9.357741695968656,92078.08376495261
0.0,9.391193580714289,91986.58516458515
0.0,9.42457314214761,91894.4542784153
0.0,9.457880368116196,91801.69017470139
0.0,9.49111524629291,91708.29193807812
0.0,9.524277764175547,91614.25866960431
0.0,9.557367909086555,91519.58948681015
0.0,9.590385668172688,91424.28352374653
0.0,9.623331028404758,91328.33993103239
0.0,9.656203976577327,91231.75787590374
0.0,9.68900449930844,91134.53654226358
0.0,9.721732583039408,91036.6751307305
0.0,9.75438821403452,90938.17285868875
0.0,9.786971378380859,90839.02896033903
0.0,9.819482061988042,90739.24268675013
0.0,9.851920250588075,90638.81330590718
0.0,9.88428592973512,90537.74010276608
0.0,9.916579084805349,90436.02237930382
0.0,9.948799700996771,90333.65945457155
0.0,9.980947763329088,90230.65066474653
0.0,10.013023256643576,90126.99536318472
0.0,10.045026165602954,90022.69292047643
0.0,10.076956474691276,89917.7427244978
0.0,10.108814168213867,89812.14418046572
0.0,10.140599230297221,89705.89671099395
0.0,10.17231164488896,89598.99975614529
0.0,10.203951395757777,89491.45277348999
0.0,10.235518466493415,89383.2552381591
0.0,10.26701284050665,89274.40664290241
0.0,10.298434501029282,89164.90649814554
0.0,10.32978343111417,89054.7543320437
0.0,10.361059613635243,88943.94969054358
0.0,10.392263031287566,88832.49213743815
0.0,10.423393666587383,88720.38125442644
0.0,10.454451501872208,88607.61664117081
0.0,10.485436519300924,88494.19791535847
0.0,10.516348700853884,88380.124712758
0.0,10.547188028333036,88265.39668728248
0.0,10.577954483362085,88150.013511047
0.0,10.608648047386637,88033.9748744315
0.0,10.639268701674382,87917.28048614087
0.0,10.66981642731529,87799.93007326778
0.0,10.700291205221829,87681.92338135326
0.0,10.73069301612918,87563.26017444977
0.0,10.761021840595506,87443.9402351852
0.0,10.79127765900219,87323.96336482489
0.0,10.821460451554149,87203.32938333577
0.0,10.851570198280108,87082.03812945099
0.0,10.881606879032939,86960.08946073428
0.0,10.911570473489983,86837.48325364524
0.0,10.941460961153435,86714.21940360428
0.0,10.971278321350676,86590.29782505985
0.0,11.001022533234714,86465.71845155372
0.0,11.030693575784575,86340.48123578844
0.0,11.060291427805724,86214.5861496944
0.0,11.089816067930554,86088.03318449715
0.0,11.119267474618836,85960.8223507863
0.0,11.148645626158203,85832.95367858466
0.0,11.177950500664698,85704.4272174153
0.0,11.207182076083269,85575.24303637375
0.0,11.236340330188359,85445.40122419596
0.0,11.26542524058446,85314.90188932931
0.0,11.294436784706717,85183.74516000319
0.0,11.323374939821548,85051.93118430208
0.0,11.352239683027285,84919.46013023425
0.0,11.381030991254827,84786.33218580717
0.0,11.40974884126834,84652.54755909834
0.0,11.438393209665952,84518.10647832765
0.0,11.466964072880483,84383.00919193425
0.0,11.495461407180196,84247.25596864731
0.0,11.523885188669585,84110.84709756263
0.0,11.552235393290152,83973.78288821527
0.0,11.580511996821246,83836.06367065758
0.0,11.608714974880892,83697.68979553459
0.0,11.636844302926674,83558.66163415834
0.0,11.664899956256628,83418.97957858746
0.0,11.692881910010142,83278.64404170285
0.0,11.720790139168919,83137.65545728547
0.0,11.748624618557942,82996.01428009523
0.0,11.776385322846446,82853.72098594834
0.0,11.804072226548959,82710.77607179875
0.0,11.831685304026342,82567.18005581526
0.0,11.859224529486845,82422.9334774632
0.0,11.886689876987216,82278.0368975841
0.0,11.914081320433823,82132.49089847738
0.0,11.9413988335838,81986.29608398164
0.0,11.968642390046222,81839.45307955565
0.0,11.995811963283305,81691.96253236244
0.0,12.022907526611657,81543.82511135051
0.0,12.049929053203517,81395.04150733794
0.0,12.076876516088046,81245.61243309686
0.0,12.10374988815266,81095.53862343612
0.0,12.130549142144355,80944.82083528629
0.0,12.15727425067109,80793.45984778693
0.0,12.183925186203194,80641.45646237
0.0,12.210501921074796,80488.81150284596
0.0,12.237004427485287,80335.52581549203
0.0,12.263432677500825,80181.60026913811
0.0,12.289786643055843,80027.03575525363
0.0,12.316066295954615,79871.83318803739
0.0,12.342271607872854,79715.99350450351
0.0,12.368402550359304,79559.51766457385
0.0,12.394459094837424,79402.40665116324
0.0,12.42044121260704,79244.66147027235
0.0,12.446348874846082,79086.28315107664
0.0,12.472182052612334,78927.27274601674
0.0,12.497940716845196,78767.63133089175
0.0,12.523624838367528,78607.36000494775
0.0,12.549234387887479,78446.45989097282
0.0,12.574769336000385,78284.93213538756
0.0,12.600229653190677,78122.7779083394
0.0,12.625615309833858,77959.99840379437
0.0,12.650926276198456,77796.59483963368
0.0,12.676162522448092,77632.56845774548
0.0,12.701324018643511,77467.9205241215
0.0,12.726410734744707,77302.65232895082
0.0,12.751422640613026,77136.76518671727
0.0,12.776359706013373,76970.26043629344
0.0,12.80122190061641,76803.13944103895
0.0,12.826009194000807,76635.40358889685
0.0,12.850721555655516,76467.05429249117
0.0,12.875358954982124,76298.0929892254
0.0,12.8999213612972,76128.52114137914
0.0,12.924408743834706,75958.34023620887
0.0,12.948821071748455,75787.55178604438
0.0,12.97315831411458,75616.15732839284
0.0,12.997420439934068,75444.1584260345
0.0,13.021607418135334,75271.55666712462
0.0,13.045719217576835,75098.35366529482
0.0,13.069755807049715,74924.55105975457
0.0,13.093717155280507,74750.15051539103
0.0,13.11760323093386,74575.15372287366
0.0,13.141414002615344,74399.56239875499
0.0,13.165149438874266,74223.37828557356
0.0,13.188809508206534,74046.6031519582
0.0,13.212394179057583,73869.23879273026
0.0,13.23590341982533,73691.28702901094
0.0,13.259337198863198,73512.74970831955
0.0,13.282695484483142,73333.62870468548
0.0,13.305978244958776,73153.92591874837
0.0,13.329185448528502,72973.64327786653
0.0,13.352317063398726,72792.7827362204
0.0,13.375373057747074,72611.34627492167
0.0,13.398353399725709,72429.3359021172
0.0,13.421258057464657,72246.75365309883
0.0,13.444086999075212,72063.60159040778
0.0,13.466840192653367,71879.88180394517
0.0,13.489517606283298,71695.5964110794
0.0,13.512119208040932,71510.74755675113
0.0,13.534644965997517,71325.33741358854
0.0,13.55709484822328,71139.36818201002
0.0,13.579468822791126,70952.84209033777
0.0,13.601766857780387,70765.76139490516
0.0,13.623988921280631,70578.128380168
0.0,13.64613498139552,70389.9453588142
0.0,13.668205006246732,70201.21467187395
0.0,13.690198963977913,70011.9386888321
0.0,13.712116822758725,69822.11980773788
0.0,13.733958550788916,69631.76045531733
0.0,13.755724116302469,69440.86308708251
0.0,13.777413487571769,69249.43018744793
0.0,13.79902663291191,69057.46426983853
0.0,13.820563520684956,68864.96787680383
0.0,13.842024119304343,68671.94358013128
0.0,13.863408397239303,68478.3939809578
0.0,13.88471632301935,68284.3217098834
0.0,13.90594786523885,68089.72942708433
0.0,13.927102992561615,67894.61982242763
0.0,13.948181673725585,67698.99561558338
0.0,13.969183877547579,67502.85955613875
0.0,13.990109572928073,67306.21442371397
0.0,14.010958728856094,67109.06302807387
0.0,14.031731314414122,66911.40820924309
0.0,14.052427298783101,66713.25283762277
0.0,14.073046651247497,66514.59981410205
0.0,14.093589341200413,66315.45207017427
0.0,14.114055338148795,66115.8125680529
0.0,14.134444611718687,65915.68430078379
0.0,14.154757131660558,65715.07029236294
0.0,14.174992867854693,65513.97359785088
0.0,14.195151790316672,65312.39730348671
0.0,14.215233869202885,65110.34452680545
0.0,14.23523907481616,64907.81841675099
0.0,14.255167377611418,64704.82215379318
0.0,14.275018748201434,64501.3589500431
0.0,14.294793157362664,64297.432049367344
0.0,14.314490576041107,64093.04472750495
0.0,14.33411097535831,63888.20029218099
0.0,14.353654326617388,63682.90208322229
0.0,14.373120601309134,63477.153472675476
0.0,14.392509771118236,63270.95786491735
0.0,14.41182180792951,63064.31869677361
0.0,14.431056683834267,62857.239437632496
0.0,14.450214371136738,62649.723589560715
0.0,14.469294842360554,62441.77468741569
0.0,14.488298070255329,62233.39629896451
0.0,14.50722402780334,62024.59202499362
0.0,14.526072688226245,61815.36549942638
0.0,14.544844024991882,61605.7203894367
0.0,14.563538011821224,61395.66039556195
0.0,14.582154622695308,61185.18925181683
0.0,14.600693831862321,60974.31072580861
0.0,14.61915561384476,60763.02861884702
0.0,14.637539943446638,60551.346766060684
0.0,14.655846795760825,60339.269036507234
0.0,14.67407614617644,60126.799333286704
0.0,14.692227970386337,59913.94159365306
0.0,14.710302244394686,59700.69978912687
0.0,14.728298944524635,59487.07792560477
0.0,14.746218047426067,59273.080043471185
0.0,14.76405953008343,59058.71021770965
0.0,14.781823369823666,58843.972558010835
0.0,14.79950954432425,58628.871208884055
0.0,14.817118031621279,58413.41034976486
0.0,14.834648810117688,58197.59419512469
0.0,14.85210185859155,57981.426994576585
0.0,14.869477156204436,57764.91303298692
0.0,14.886774682509937,57548.05663057673
0.0,14.903994417462215,57330.86214303272
0.0,14.921136341424672,57113.33396161068
0.0,14.938200435178743,56895.476513241185
0.0,14.955186679932723,56677.29426063225
0.0,14.97209505733076,56458.79170237598
0.0,14.988925549461904,56239.97337304801
0.0,15.005678138869254,56020.84384331247
0.0,15.022352808559225,55801.40772002167
0.0,15.038949542010906,55581.669646317605
0.0,15.055468323185513,55361.63430173043
0.0,15.071909136535943,55141.306402279064
0.0,15.088271967016452,54920.690700566396
0.0,15.104556800092386,54699.79198587965
0.0,15.120763621750083,54478.61508428352
0.0,15.136892418506813,54257.164858717704
0.0,15.152943177420884,54035.4462090882
0.0,15.168915886101786,53813.464072362985
0.0,15.184810532720505,53591.22342266119
0.0,15.200627106019908,53368.7292713474
0.0,15.216365595325234,53145.986667117104
0.0,15.232025990554707,52923.00069608982
0.0,15.247608282230257,52699.77648189105
0.0,15.263112461488339,52476.31918574264
0.0,15.278538520090867,52252.634006546345
0.0,15.29388645043627,52028.72618096555
0.0,15.309156245570625,51804.60098350933
0.0,15.324347899198953,51580.26372661139
0.0,15.339461405696584,51355.719760711305
0.0,15.354496760120643,51130.974474329734
0.0,15.369453958221673,50906.03329414711
0.0,15.384332996455338,50680.90168507723
0.0,15.399133871994271,50455.58515033941
0.0,15.413856582740024,50230.08923153067
0.0,15.42850112733512,50004.419508696534
0.0,15.443067505175238,49778.581600397825
0.0,15.457555716421526,49552.58116377727
0.0,15.471965762013006,49326.423894624226
0.0,15.4862976436791,49100.115527436836
0.0,15.500551363952294,48873.66183548351
0.0,15.514726926180904,48647.06863086205
0.0,15.528824334541964,48420.34176455508
0.0,15.542843594054235,48193.487126486376
0.0,15.556784710591343,47966.51064557303
0.0,15.570647690895008,47739.418289776426
0.0,15.584432542588456,47512.216066149995
0.0,15.598139274189856,47284.91002088692
0.0,15.611767895125995,47057.50623936276
0.0,15.62531841574596,46830.010846178746
0.0,15.638790847335045,46602.43000519904
0.0,15.652185202128697,46374.76991959056
0.0,15.66550149332665,46147.03683185484
0.0,15.678739735107134,45919.23702386138
0.0,15.691899942641253,45691.376816877164
0.0,15.704982132107435,45463.46257159347
0.0,15.717986320706071,45235.50068814843
0.0,15.730912526674201,45007.4976061522
0.0,15.743760769300412,44779.45980470069
0.0,15.756531068939783,44551.39380239509
0.0,15.769223447029011,44323.3061573545
0.0,15.781837926101629,44095.20346722333
0.0,15.79437452980337,43867.092369181104
0.0,15.806833282907657,43638.97953994409
0.0,15.819214211331188,43410.871695768554
0.0,15.831517342149704,43182.7755924447
0.0,15.84374270361382,42954.69802529481
0.0,15.855890325165053,42726.64582916163
0.0,15.867960237451879,42498.62587839761
0.0,15.879952472346039,42270.64508684701
0.0,15.891867062958868,42042.71040782868
0.0,15.9037040436578,41814.8288341118
0.0,15.91546345008299,41587.00739789009
0.0,15.927145319164074,41359.2531707508
0.0,15.93874968913702,41131.57326364098
0.0,15.950276599561137,40903.97482683021
0.0,15.961726091336226,40676.46504986822
0.0,15.97309820671979,40449.051161538344
0.0,15.984392989344444,40221.74042980978
0.0,15.99561048423541,39994.54016178148
0.0,16.006750737828135,39767.45770362555
0.0,16.017813797986058,39540.500440525124
0.0,16.028799714018472,39313.67579660588
0.0,16.03970853669853,39086.991234866204
0.0,16.050540318281392,38860.454257101985
0.0,16.061295112522423,38634.072403826285
0.0,16.07197297469561,38407.85325418366
0.0,16.082573961612017,38181.80442586215
0.0,16.093098131638424,37955.93357499759
0.0,16.10354554471605,37730.24839607673
0.0,16.113916262379394,37504.75662183063
0.0,16.124210347775236,37279.46602312755
0.0,16.13442786568168,37054.3844088593
0.0,16.14456888252743,36829.519625819055
0.0,16.15463346641105,36604.879558580695
0.0,16.164621687120437,36380.47212936613
0.0,16.174533616152388,36156.30529791163
0.0,16.184369326732238,35932.38706132653
0.0,16.194128893833675,35708.7254539486
0.0,16.203812394198618,35485.32854718785
0.0,16.213419906357235,35262.204449374694
0.0,16.222951510648052,35039.36130559095
0.0,16.232407289238182,34816.807297505205
0.0,16.24178732614365,34594.5506431947
0.0,16.25109170724986,34372.59959696373
0.0,16.260320520332105,34150.96244915784
0.0,16.269473855076235,33929.64752596896
0.0,16.278551803099404,33708.66318923514
0.0,16.287554457970913,33488.017836234765
0.0,16.296481915233176,33267.71989947138
0.0,16.30533427242274,33047.7778464579
0.0,16.314111629091464,32828.20017948537
0.0,16.322814086827716,32608.995435395278
0.0,16.33144174927774,32390.17218533368
0.0,16.33999472216705,32171.73903450952
0.0,16.34847311332193,31953.704621938057
0.0,16.356877032691077,31736.077620178927
0.0,16.36520659236721,31518.866735070944
0.0,16.373461906608895,31302.080705452943
0.0,16.38164309186235,31085.728302883683
0.0,16.389750266783388,30869.818331349175
0.0,16.397783552259384,30654.35962696653
0.0,16.405743071431377,30439.361057676142
0.0,16.41362894971619,30224.831522930646
0.0,16.421441314828662,30010.779953370336
0.0,16.429180296803892,29797.215310497442
0.0,16.43684602801962,29584.14658633573
0.0,16.44443864321859,29371.58280308731
0.0,16.451958279531034,29159.5330127778
0.0,16.459405076497195,28948.006296894047
0.0,16.466779176089865,28737.01176601462
0.0,16.474080722737046,28526.558559430297
0.0,16.481309863344574,28316.655844757333
0.0,16.488466747318864,28107.31281754095
0.0,16.495551526589637,27898.538700849283
0.0,16.502564355632728,27690.342744862195
0.0,16.509505391492905,27482.734226446133
0.0,16.51637479380671,27275.72244872339
0.0,16.52317272482536,27069.316740632523
0.0,16.52989934943766,26863.52645647549
0.0,16.536554835192895,26658.36097546178
0.0,16.543139352323834,26453.82970123645
0.0,16.54965307376963,26249.942061404232
0.0,16.556096175198828,26046.707507040817
0.0,16.562468835032348,25844.13551219576
0.0,16.568771234466425,25642.23557338561
0.0,16.575003557495624,25441.01720907609
0.0,16.58116599093579,25240.489959156606
0.0,16.587258724447025,25040.663384403102
0.0,16.593281950556634,24841.54706593044
0.0,16.59923586468204,24643.150604636176
0.0,16.605120665153716,24445.483620633837
0.0,16.610936553238073,24248.555752674118
0.0,16.616683733160265,24052.376657558372
0.0,16.622362412127067,23856.956009539543
0.0,16.62797280034962,23662.303499714704
0.0,16.63351511106616,23468.42883540271
0.0,16.638989560564728,23275.341739517404
0.0,16.64439636820577,23083.051949925022
0.0,16.64973575644473,22891.569218792953
0.0,16.655007950854568,22700.903311927104
0.0,16.660213180148176,22511.064008098096
0.0,16.665351676200753,22322.061098358827
0.0,16.670423674072122,22133.904385345057
0.0,16.67542941202891,21946.60368257272
0.0,16.68036913156668,21760.16881371732
0.0,16.685243077431966,21574.609611885855
0.0,16.69005149764418,21389.935918876203
0.0,16.69479464351747,21206.157584425062
0.0,16.699472769682394,21023.28446544544
0.0,16.704086134107587,20841.326425249223
0.0,16.70863499812118,20660.29333276488
0.0,16.71311962643221,20480.195061736275
0.0,16.717540287151834,20301.041489914292
0.0,16.721897251814415,20122.842498235404
0.0,16.726190795398487,19945.607969989767
0.0,16.73042119634757,19769.34778997535
0.0,16.734588736590823,19594.071843640413
0.0,16.73869370156355,19419.790016218554
0.0,16.742736380227527,19246.512191846035
0.0,16.746717065091193,19074.248252669116
0.0,16.750636052229638,18903.008077942068
0.0,16.754493641304432,18732.801543110283
0.0,16.758290135583245,18563.638518882915
0.0,16.76202584195932,18395.528870292008
0.0,16.765701070970707,18228.482455741614
0.0,16.769316136819338,18062.509126043646
0.0,16.772871357389853,17897.618723440915
0.0,16.77636705426825,17733.821080621798
0.0,16.779803552760313,17571.12601971859
0.0,16.78318118190983,17409.54335129354
0.0,16.78650027451653,17249.08287331881
0.0,16.789761167153873,17089.754370137816
0.0,16.79296420018654,16931.567611417035
0.0,16.79610971778772,16774.532351087313
0.0,16.79919806795614,16618.65832627006
0.0,16.80222960253284,16463.955256194575
0.0,16.8052046772177,16310.432841100032
0.0,16.808123651585728,16158.100761128357
0.0,16.810986889103038,16006.968675205251
0.0,16.813794757142645,15857.046219905373
0.0,16.81654762699989,15708.343008310767
0.0,16.819245873907672,15560.868628854863
0.0,16.821889877051397,15414.632644152269
0.0,16.824480019583586,15269.644589822972
0.0,16.82701668863828,15125.913973298622
0.0,16.829500275345115,14983.450272620888
0.0,16.831931174843135,14842.262935225386
0.0,16.83430978629429,14702.36137671792
0.0,16.8366365128967,14563.754979632795
0.0,16.838911761897545,14426.453092188574
0.0,16.841135944605757,14290.465027022175
0.0,16.843309476404364,14155.800059919944
0.0,16.845432776762546,14022.467428532895
0.0,16.847506269247432,13890.47633108194
0.0,16.849530381535587,13759.835925051011
0.0,16.851505545424214,13630.555325870868
0.0,16.853432196842082,13502.643605589867
0.0,16.85531077586016,13376.109791534021
0.0,16.85714172670199,13250.962864958448
0.0,16.858925497753773,13127.211759682046
0.0,16.860662541574207,13004.865360718919
0.0,16.862353314904027,12883.932502893033
0.0,16.863998278675346,12764.421969444258
0.0,16.865597898020695,12646.342490626033
0.0,16.867152642281873,12529.702742286492
0.0,16.868662985018535,12414.51134444517
0.0,16.870129404016584,12300.776859855978
0.0,16.871552381296357,12188.507792561082
0.0,16.872932403120632,12077.712586430833
0.0,16.87426996000244,11968.39962370065
0.0,16.875565546712732,11860.577223489527
0.0,16.876819662287946,11754.2536403134
0.0,16.87803281003738,11649.437062586425
0.0,16.87920549755055,11546.135611112695
0.0,16.880338236704457,11444.357337566558
0.0,16.881431543670782,11344.110222963849
0.0,16.882485938923136,11245.402176123345
0.0,16.88350194724425,11148.241032116348
0.0,16.884480097733324,11052.634550706483
0.0,16.885420923813395,10958.590414781822
0.0,16.886324963238888,10866.116228771862
0.0,16.88719275810336,10775.219517057296
0.0,16.88802485484747,10685.90772237
0.0,16.88882180426724,10598.18820417975
0.0,16.889584161522727,10512.068237070926
0.0,16.890312486147078,10427.555009110365
0.0,16.89100734205607,10344.65562020056
0.0,16.89166929755833,10263.377080424689
0.0,16.892298925366124,10183.726308376994
0.0,16.89289680260697,10105.710129485
0.0,16.893463510836146,10029.335274315206
0.0,16.893999636050168,9954.60837686807
0.0,16.894505768701425,9881.535972861573
0.0,16.894982503714054,9810.12449799804
0.0,16.895430440501332,9740.380286216736
0.0,16.895850182984606,9672.309567934833
0.0,16.896242339614066,9605.918468269054
0.0,16.896607523391594,9541.21300524217
0.0,16.89694635189585,9478.199087972753
0.0,16.897259447309928,9416.882514844416
0.0,16.89754743645192,9357.26897165738
0.0,16.89781095080866,9299.364029757213
0.0,16.89805062657309,9243.173144140514
0.0,16.898267104685736,9188.701651539188
0.0,16.89846103088067,9135.954768473282
0.0,16.898633055736685,9084.937589280074
0.0,16.898783834734292,9035.655084108701
0.0,16.89891402831923,8988.112096881494
0.0,16.89901928950881,8942.273841671878
0.0,16.899100668751213,8898.149398758076
0.0,16.89915922879958,8855.747523137135
0.0,16.899196044947267,8815.076636246173
0.0,16.899212205305222,8776.144817446359
0.0,16.89920881113053,8738.959795230301
0.0,16.899186977218136,8703.528938116971
0.0,16.89914783237077,8669.85924517177
0.0,16.899092519967184,8637.957336081425
0.0,16.8990221986556,8607.82944069826
0.0,16.898938043208982,8579.481387937674
0.0,16.898841245594056,8552.918593869777
0.0,16.898733016329018,8528.146048805676
0.0,16.898614586242978,8505.16830308293
0.0,16.89848720881498,8483.989451139001
0.0,16.89835216338954,8464.613113242667
0.0,16.898210759801604,8447.042413884774
0.0,16.898064345469766,8431.27995508979
0.0,16.89791431738765,8417.327781261876
0.0,16.897762146031866,8405.187327529537
0.0,16.897609442667388,8394.859323388664
0.0,16.897458817128403,8386.34307158785
0.0,16.897307921397008,8376.004074346507
0.0,16.897140998440086,8367.433663321193
0.0,16.896979344117856,8356.731504812604
0.0,16.896858399531514,8347.54388418491
0.0,16.896701034925886,8335.809369772673
0.0,16.89655321589229,8325.87186711491
0.0,16.896348864498936,8313.570815471467
0.0,16.896205234889507,8302.355209492613
0.0,16.896037364265585,8292.850549442694
0.0,16.89589832598158,8280.806978192646
0.0,16.89573728774463,8270.49256417551
0.0,16.895643614110508,8261.050438025035
0.0,16.895486160664525,8249.393944040406
0.0,16.895338879270017,8239.532357763499
0.0,16.895156170443325,8227.122280891053
0.0,16.895012866439963,8216.246740387054
0.0,16.894835723399027,8206.98185238801
0.0,16.89468998699859,8195.170274727512
0.0,16.894531568165995,8185.143802567618
0.0,16.89445736074566,8173.884528353345
0.0,16.894298027258742,8162.384643073194
0.0,16.89415409184874,8152.656775900861
0.0,16.8939808324936,8140.387862413889
0.0,16.89383745281511,8129.775532223517
0.0,16.89364868369268,8120.5993916655425
0.0,16.893500579434157,8108.889616431203
0.0,16.893343701797868,8098.979268010706
0.0,16.89323089684331,8086.555629276903
0.0,16.89306926414222,8075.503036994953
0.0,16.89293608946752,8066.121944274055
0.0,16.8927738593168,8054.200611640001
0.0,16.892628701727542,8044.041933622211
0.0,16.892402089625655,8034.032608882058
0.0,16.89225521945076,8022.423337315442
0.0,16.89209645153177,8012.602478013374
0.0,16.89197052107505,8000.232473543147
0.0,16.89180876418304,7989.447636044817
0.0,16.891684421693114,7980.226278574904
0.0,16.891526093004337,7968.455157991266
0.0,16.891378950038003,7958.4752598609775
0.0,16.891157763092583,7946.607616874389
0.0,16.891013102624463,7935.2107599594165
0.0,16.8908495658076,7925.565347259631
0.0,16.890714961438587,7913.379879353801
0.0,16.890553359821137,7902.88041438791
0.0,16.890444539683063,7893.668484619586
0.0,16.890287587734626,7881.978006818332
0.0,16.89013960549046,7872.08636793145
0.0,16.889952757855365,7859.653106101556
0.0,16.889809384125375,7848.689692346612
0.0,16.889635150327134,7839.372189167654
0.0,16.889490609938512,7827.511722454103
0.0,16.889331571247418,7817.4279193216935
0.0,16.889258879291646,7806.8410912032705
0.0,16.88910026721892,7795.275600146037
0.0,16.888954893670597,7785.492765238509
0.0,16.888778799286708,7773.163886150112
0.0,16.888635467638718,7762.458941651043
0.0,16.888451462428087,7753.269419074291
0.0,16.88830390302787,7741.5317007857375
0.0,16.88814664864547,7731.590520114172
0.0,16.888047741630025,7719.316329195863
0.0,16.887886436608305,7708.079194574384
0.0,16.887748796143622,7698.557969245827
0.0,16.887582294484535,7686.496501114918
0.0,16.88743843667188,7676.159242951544
0.0,16.887229160076256,7666.76303839311
0.0,16.887081525082106,7655.100595622323
0.0,16.88692391333092,7645.233748542843
0.0,16.886802299435725,7632.8177659458015
0.0,16.886640598702446,7621.926316973288
0.0,16.886512201708474,7612.65231887484
0.0,16.886352706369912,7600.831019396428
0.0,16.88620624069939,7590.793325333158
0.0,16.88597435563115,7579.678042914951
0.0,16.88582850024723,7568.1606362198945
0.0,16.885667809238395,7558.41820978187
0.0,16.885536757783477,7546.132419289323
0.0,16.885375111907194,7535.495579189854
0.0,16.885257544437817,7526.318445156096
0.0,16.885100519129153,7514.601041829912
0.0,16.884952470273156,7504.682465277845
0.0,16.88475667779302,7492.280395454029
0.0,16.884613282310912,7481.1748483297415
0.0,16.884442733994415,7471.753898291383
0.0,16.88430117170262,7459.79175256053
0.0,16.884140853829738,7449.581888466608
0.0,16.884057409881116,7439.825655579334
0.0,16.883899524444153,7428.195583869237
0.0,16.883752870504747,7418.356578642037
0.0,16.883572063174206,7405.966582953697
0.0,16.883428827834187,7395.138115688926
0.0,16.883249821112326,7385.895789190661
0.0,16.88310367166865,7374.102942017373
0.0,16.882945474393033,7364.097919919761
0.0,16.88286801748517,7352.5529052135535
0.0,16.88270825710175,7341.091050581308
0.0,16.882565253430528,7331.393752154661
0.0,16.88239302641927,7319.154078433057
0.0,16.882249672425715,7308.581831252202
0.0,16.882058349859054,7299.398173310328
0.0,16.881910281603492,7287.693552139448
0.0,16.881753338238944,7277.788070530631
0.0,16.881639241226488,7265.358952159528
0.0,16.88147758534172,7254.326360539999
0.0,16.88134497405709,7244.95942937443
0.0,16.88118309962605,7233.049796911888
0.0,16.881037796168606,7222.905796525534
0.0,16.880809736039215,7212.80528107658
0.0,16.880662956536515,7201.201400204562
0.0,16.880504045076744,7191.385003942298
0.0,16.880377914177956,7179.017742925556
0.0,16.88021613849067,7168.238385571865
0.0,16.8800920873078,7159.018510932336
0.0,16.87993375363469,7147.247082748683
0.0,16.87978661824072,7137.266858445713
0.0,16.879565268537796,7125.401635657297
0.0,16.879420596021482,7114.00215611537
0.0,16.879257100558874,7104.354554481106
0.0,16.87912262385744,7092.16487732972
0.0,16.878961006985946,7081.6600068570115
0.0,16.87885186137503,7072.450426492607
0.0,16.878694881298795,7060.757076204754
0.0,16.878546916032818,7050.862445756327
0.0,16.87835899410432,7038.428442057222
0.0,16.87821564615111,7027.445853002602
0.0,16.878041891837796,7018.114430112764
0.0,16.877897780923483,7006.238507427974
0.0,16.87773852347067,6996.136001559673
0.0,16.877664918169025,6985.721668303246
0.0,16.87750643403799,6974.141155343037
0.0,16.87736080037907,6964.345070599578
0.0,16.87718357171542,6951.999304145575
0.0,16.87704029929101,6941.263184580952
0.0,16.87685756773183,6932.061433179537
0.0,16.876710403447955,6920.308403924573
0.0,16.87655286333047,6910.349609022727
0.0,16.876461613794195,6898.2363659120165
0.0,16.876300729040853,6886.913409424946
0.0,16.876161049656336,6877.325795202283
0.0,16.875992446198794,6865.196005176054
0.0,16.875848910056565,6854.770235660486
0.0,16.875647093590825,6845.49922750704
0.0,16.875499209750274,6833.81875031651
0.0,16.875341950947636,6823.9358725720085
0.0,16.875222638300844,6811.506055813748
0.0,16.875060962398976,6800.565235943766
0.0,16.874930962569323,6791.261398642557
0.0,16.874770754889287,6779.410820199642
0.0,16.874624662823734,6769.3388444036245
0.0,16.874391904563634,6758.6273736101575
0.0,16.874245630619715,6747.070269162068
0.0,16.874085778653775,6737.294316668529
0.0,16.87395661712398,6724.970194132533
0.0,16.873794920303318,6714.273058084771
0.0,16.873674377044313,6705.084401060827
0.0,16.87351691292339,6693.346056413837
0.0,16.87336917543415,6683.404172940878
0.0,16.873162683396334,6671.133470858447
0.0,16.87301896066428,6659.890309972223
0.0,16.872851716854658,6650.3644196446985
0.0,16.872713388375402,6638.2959207168315
0.0,16.872552203049548,6627.9500943371095
0.0,16.87245574500952,6618.570164724952
0.0,16.872298399363086,6606.9040062627755
0.0,16.872150958105724,6597.03371788701
0.0,16.87196690861879,6584.612900205422
0.0,16.87182361286887,6573.7068940033205
0.0,16.87164743169567,6564.423750672489
0.0,16.87150217994524,6552.591481368756
0.0,16.871343492035837,6542.541029980406
0.0,16.871271127637733,6531.582123761298
0.0,16.87111214487542,6520.046886348398
0.0,16.870967469752102,6510.289331560954
0.0,16.87079261967408,6497.984548243694
0.0,16.87064929559072,6487.318559895037
0.0,16.870463285535553,6478.136455582222
0.0,16.870315537200813,6466.407510657329
0.0,16.8701584076315,6456.476154463366
0.0,16.87005512144194,6444.132847911213
0.0,16.86989364328942,6432.947184144054
0.0,16.86975726875934,6423.465299275005
0.0,16.869591932533837,6411.4401571524795
0.0,16.86944781254886,6401.15034057945
0.0,16.86923409209987,6391.653392864624
0.0,16.869086627974344,6379.998961806297
0.0,16.868928783940405,6370.138767130906
0.0,16.868806810374814,6357.72639173409
0.0,16.868645059825052,6346.843909408199
0.0,16.868517100294024,6337.5733389670495
0.0,16.86835758345178,6325.751820106758
0.0,16.86821114328519,6315.713759101694
0.0,16.86797914391767,6304.599556825124
0.0,16.86783330272666,6293.079767731484
0.0,16.867672607276777,6283.334944816306
0.0,16.867541890492678,6271.043014090275
0.0,16.867380199473597,6260.396180211101
0.0,16.86726224790196,6251.215691178339
0.0,16.86710505077639,6239.491111095063
0.0,16.86695713636943,6229.564437648747
0.0,16.86675742438104,6217.1969324408565
0.0,16.866613961619215,6206.037020672811
0.0,16.86644469092067,6196.574603435351
0.0,16.866304444386206,6184.5682191848755
0.0,16.866143707060182,6174.302449539769
0.0,16.8660547631752,6164.7407566446345
0.0,16.865897114699045,6153.091847721953
0.0,16.86575009498287,6143.236293128459
0.0,16.865567404729077,6130.827807466965
0.0,16.865424172784845,6119.954110107617
0.0,16.865246760879575,6110.687563209329
0.0,16.865101218640245,6098.869025455555
0.0,16.864942670287267,6088.83427083632
0.0,16.86486940267541,6077.6763079492375
0.0,16.86471017002782,6066.161041323794
0.0,16.86456598016444,6056.419789727544
0.0,16.864391776275177,6044.130847147666
0.0,16.86424847455878,6033.48787226947
0.0,16.864061156163178,6024.306642326992
0.0,16.863913374503625,6012.581884644926
0.0,16.86375625204736,6002.654855566332
0.0,16.863651250930545,5990.290566230658
0.0,16.86348970551735,5979.126798574347
0.0,16.86335389122415,5969.661269515753
0.0,16.86318901077856,5957.6511441248
0.0,16.86304477692263,5947.380548468558
0.0,16.86282915569447,5937.831816367805
0.0,16.862681790894865,5926.181217562407
0.0,16.862523816939113,5916.324051177129
0.0,16.86240180947764,5903.913804228418
0.0,16.8622400212629,5893.033625411801
0.0,16.862112233641742,5883.762919492554
0.0,16.86195264227976,5871.939849839779
0.0,16.861806256415093,5861.8996824263595
0.0,16.86157411852528,5850.808489561314
0.0,16.861428280192058,5839.285812037531
0.0,16.86126760522328,5829.538219055161
0.0,16.861137193335868,5817.241714766482
0.0,16.860975464061244,5806.586581923766
0.0,16.860857184975526,5797.402989156544
0.0,16.860699846603893,5785.673560181633
0.0,16.860552043649797,5775.741242009681
0.0,16.8603495556971,5763.407494050451
0.0,16.8602060203095,5752.212063156301
0.0,16.860037577577355,5742.722266312921
0.0,16.85989821625338,5730.687346458202
0.0,16.859737239796132,5720.384869566886
0.0,16.859644833319273,5710.916185820242
0.0,16.859487294221903,5699.257398325019
0.0,16.859340101592426,5689.392985861981
0.0,16.859156162069656,5676.97622889746
0.0,16.859012938347334,5666.0753626700025
0.0,16.858836414015308,5656.792656563688
0.0,16.858691291249478,5644.957860503579
0.0,16.85853250939506,5634.903898064746
0.0,16.858460257745314,5623.979317294434
0.0,16.8583012528396,5612.4397751183715
0.0,16.858156571326017,5602.677891796688
0.0,16.857981131482745,5590.365275873803
0.0,16.857837883334373,5579.684052189346
0.0,16.857652423053555,5570.49501432688
0.0,16.857504966331334,5558.756277409382
0.0,16.857347609203917,5548.81345336535
0.0,16.857249836453164,5536.554062761366
0.0,16.857088560917884,5525.301555570215
0.0,16.856950630392767,5515.767948209774
0.0,16.856783608418805,5503.688710949151
0.0,16.856639866158353,5493.3289106313605
0.0,16.856432427899005,5483.9700356712565
0.0,16.856284786626706,5472.2985876048915
0.0,16.85612722268705,5462.422979813302
0.0,16.856007696028716,5449.997521724086
0.0,16.855845930800168,5439.063896737061
0.0,16.855716365668155,5429.76161266258
0.0,16.855556014992164,5417.908159153303
0.0,16.85541002558525,5407.832190750865
0.0,16.855177275441584,5397.153093517292
0.0,16.855031044061096,5385.591321338899
0.0,16.854871173485147,5375.810488897143
0.0,16.854742831719122,5363.476718105143
0.0,16.854581034951767,5352.759333491558
0.0,16.85445982227282,5343.560050869128
0.0,16.854301940304055,5331.807484255405
0.0,16.854154518926983,5321.848900857847
0.0,16.85394064654085,5309.733858002117
0.0,16.85379653513009,5298.408089977922
0.0,16.853631212995214,5288.8178337714635
0.0,16.853495021445486,5276.681329880375
0.0,16.853333503147976,5266.246842010645
0.0,16.853229765713824,5256.9823051539715
0.0,16.853072576763402,5245.296537591144
0.0,16.852924871123147,5235.408062770264
0.0,16.85273721199014,5222.975858649472
0.0,16.852593941529747,5211.999505768064
0.0,16.85241982112497,5202.669942313107
0.0,16.8522758352461,5190.7905316737015
0.0,16.85211649486445,5180.683571987553
0.0,16.852042760608096,5170.300735552795
0.0,16.851884246879816,5158.714666373562
0.0,16.85173861453014,5148.912975705927
0.0,16.851560418434154,5136.556240043836
0.0,16.85141724037675,5125.7963769831695
0.0,16.851235272035424,5116.581648115767
0.0,16.851088582673146,5104.811299955007
0.0,16.85093070376061,5094.832261947449
0.0,16.8508468374503,5082.949157281313
0.0,16.850686472852498,5071.549370277906
0.0,16.85054501563141,5061.901121668052
0.0,16.85037429670396,5049.705664722482
0.0,16.85023094470513,5039.193273981335
0.0,16.850035438986268,5029.985206243582
0.0,16.84988751336309,5018.285350900376
0.0,16.84973039276353,5008.383706784807
0.0,16.84961615047016,4995.95295216376
0.0,16.849454439878155,4984.922224806389
0.0,16.849322020121903,4975.5551704105455
0.0,16.849159995407042,4963.639502604725
0.0,16.849014769672934,4953.488340992015
0.0,16.848787183346197,4943.431988493074
0.0,16.848640390758376,4931.820578065235
0.0,16.848481534282303,4921.997027859557
0.0,16.84835654477996,4909.617021353915
0.0,16.848194696255522,4898.80953569198
0.0,16.848069738644085,4889.574137577787
0.0,16.847910888606425,4877.782201599097
0.0,16.847764092443658,4867.778169455705
0.0,16.84753654969354,4856.21534036356
0.0,16.84739132962299,4844.751184934052
0.0,16.847229292701474,4835.051441591
0.0,16.847096879877885,4822.802728889277
0.0,16.84693516570405,4812.217622470809
0.0,16.846820926004433,4803.032568464056
0.0,16.84666379109521,4791.317987452261
0.0,16.846515877123572,4781.401542168343
0.0,16.846320012511956,4768.996267342009
0.0,16.846176657546913,4757.887759811478
0.0,16.84600606219957,4748.463607282843
0.0,16.845864742694268,4736.491542848758
0.0,16.845704330196966,4726.269835619722
0.0,16.845619873570726,4716.561398840509
0.0,16.845462018921452,4704.9223558539525
0.0,16.845315288492685,4695.074884582544
0.0,16.845132970892937,4682.67113266536
0.0,16.844989800623384,4671.807499138871
0.0,16.844811867011813,4662.54417656851
0.0,16.844666372053396,4650.7249085013755
0.0,16.84450777887592,4640.689084214624
0.0,16.844434683771627,4629.540017859777
0.0,16.844275436505562,4618.021311485907
0.0,16.844131242653326,4608.27665962535
0.0,16.843956596292962,4595.979992056731
0.0,16.843813352017513,4585.324104226427
0.0,16.8436265313744,4576.138393272413
0.0,16.843478972142858,4564.404679248342
0.0,16.84332167856106,4554.467458245577
0.0,16.843221518722707,4542.164929432562
0.0,16.843060132935403,4530.939169274876
0.0,16.842922869186975,4521.426018709084
0.0,16.842756446589586,4509.364924109774
0.0,16.842612591053236,4499.0291234105825
0.0,16.8424029877985,4489.629571075551
0.0,16.842255421790593,4477.961103694048
0.0,16.84209775775827,4468.08790951944
0.0,16.841978161015252,4455.66263077897
0.0,16.841816369729838,4444.730482239043
0.0,16.841686924787115,4435.428282372421
0.0,16.841526513473738,4423.572365054162
0.0,16.841380561257726,4413.493510534521
0.0,16.84114780010895,4402.842737801839
0.0,16.841001552489395,4391.2767686867155
0.0,16.840841728695896,4381.492084504804
0.0,16.84071382785455,4369.15161925694
0.0,16.840551997245566,4358.422052951762
0.0,16.84043033092948,4349.217545647174
0.0,16.840272255888962,4337.457040979061
0.0,16.8401249703161,4327.489365559071
0.0,16.83990758804857,4315.470667668618
0.0,16.83976323490034,4304.107422140427
0.0,16.839598788678106,4294.487812629668
0.0,16.839463598251335,4282.31942480593
0.0,16.839301985490692,4271.843257642584
0.0,16.839195135476174,4262.61293034791
0.0,16.839037986482477,4250.917664404726
0.0,16.83889019347153,4241.02012264845
0.0,16.83870018902061,4228.587573070312
0.0,16.83855691780274,4217.569458172889
0.0,16.838383933244867,4208.210761390626
0.0,16.838240773145806,4196.301113137044
0.0,16.838081059418574,4186.157435980625
0.0,16.838004406073892,4176.051921499195
0.0,16.837846131401225,4164.442827354884
0.0,16.83770006577591,4154.621026706649
0.0,16.837520000081994,4142.2410533286165
0.0,16.837376865613784,4131.432942040963
0.0,16.837196761181886,4122.196165281814
0.0,16.837050687169626,4110.401135322172
0.0,16.836892417187254,4100.393455681158
0.0,16.836815707327315,4088.8771462286822
0.0,16.836655986367127,4077.4042376552243
0.0,16.83651284196274,4067.6971787756775
0.0,16.836339855849143,4055.4388203476556
0.0,16.836196588070557,4044.8398716617376
0.0,16.8360065694955,4035.6551682814024
0.0,16.835858790319687,4023.9351002275944
0.0,16.83570163003904,4014.0126824080944
0.0,16.835595124484275,4001.6288250137586
0.0,16.835433518076282,3990.4830940412357
0.0,16.83529821494007,3981.030750170583
0.0,16.83513363865004,3969.028911435511
0.0,16.834989325027752,3958.7695661871694
0.0,16.834772487700132,3949.189068082953
0.0,16.834625183521915,3937.5376180200838
0.0,16.83446714024586,3927.6791940485127
0.0,16.834345828577813,3915.264364922652
0.0,16.834183991154404,3904.3693039203063
0.0,16.834055851121832,3895.0881699130405
0.0,16.833895885396494,3883.250374820316
0.0,16.833749715675722,3873.192867404083
0.0,16.833516741284562,3862.3057294227183
0.0,16.833370718201255,3850.7594743859954
0.0,16.833210461147356,3840.9914170680568
0.0,16.833081561951207,3828.667496082606
0.0,16.832919741372606,3817.9669251539744
0.0,16.832799439954172,3808.7706717564724
0.0,16.832641590262142,3797.0194506673142
0.0,16.83249415569927,3787.062421312323
0.0,16.832280788738068,3774.9287017695606
0.0,16.83213671016879,3763.606214053929
0.0,16.831971272594714,3754.0183459748514
0.0,16.83183508183875,3741.8806104545947
0.0,16.831673554401494,3731.4450947297737
0.0,16.83156982263012,3722.181156619219
0.0,16.831412598193218,3710.491955493577
0.0,16.831264917009662,3700.5998934442177
0.0,16.83107597365632,3688.1663904762827
0.0,16.83093272791428,3677.166654515546
0.0,16.83075918636007,3667.8202288467437
0.0,16.830615736763264,3655.9208667695057
0.0,16.830456143606625,3645.7898125667125
0.0,16.83038066938403,3635.595740234945
0.0,16.830222303155892,3623.992383770412
0.0,16.83007638417807,3614.1753465922084
0.0,16.82989659023412,3601.798969869269
0.0,16.829753472792618,3590.998158902861
0.0,16.829573024384825,3581.763940148987
0.0,16.82942692271691,3569.970263973344
0.0,16.829268664125163,3559.964122436475
0.0,16.829191703625426,3548.426482289564
0.0,16.829031949219754,3536.955766926054
0.0,16.828888875272522,3527.250352544943
0.0,16.828715891663325,3514.992285774322
0.0,16.828572636079034,3504.393670283491
0.0,16.828382544601258,3495.2081221553963
0.0,16.82823480442082,3483.4865101422183
0.0,16.82807761200542,3473.5623354197014
0.0,16.82797196447801,3461.1860874681734
0.0,16.82781037587231,3450.028333185939
0.0,16.827674796471058,3440.5667852743063
0.0,16.82750991455175,3428.5545098634902
0.0,16.82736568994636,3418.282002088614
0.0,16.827150109567413,3408.739501956152
0.0,16.82700276004132,3397.0835681052413
0.0,16.826844789385575,3387.22110468382
0.0,16.826724099306702,3374.8020902518183
0.0,16.826562257941497,3363.8934349669144
0.0,16.826433689236055,3354.6040658005513
0.0,16.826273500073025,3342.7572567248717
0.0,16.826127448235766,3332.6891421545297
0.0,16.825894389662395,3321.920827037189
0.0,16.825748262503613,3310.362940290943
0.0,16.82558822395191,3300.5848280047067
0.0,16.825460080802,3288.2486589862965
0.0,16.825298227148767,3277.5264738285914
0.0,16.82517699197884,3268.322969768662
0.0,16.825018897985508,3256.561776467832
0.0,16.82487163197529,3246.5933072704356
0.0,16.8246538817303,3234.581717926543
0.0,16.824509504047594,3223.2133889100514
0.0,16.824345150690327,3213.589634465752
0.0,16.82421016608273,3201.414436880732
0.0,16.824048528153526,3190.929524560692
0.0,16.823941112439922,3181.7042904517148
0.0,16.823783931392637,3170.004957700381
0.0,16.82363615353886,3160.1032263820525
0.0,16.82344464508717,3147.6732538864017
0.0,16.82330138092113,3136.6298653946724
0.0,16.823129023135973,3127.252679109806
0.0,16.822986437958168,3115.322451527929
0.0,16.822826481621096,3105.153532810509
0.0,16.822747487816123,3095.200661797542
0.0,16.822589349071002,3083.5779189984314
0.0,16.822443043962707,3073.744045970263
0.0,16.82226161969751,3061.3498609019443
0.0,16.82211851279887,3050.50861939881
0.0,16.821939587066016,3041.2546378886327
0.0,16.82179399283901,3029.4403065720107
0.0,16.821635436689213,3019.4101016684435
0.0,16.82156195702683,3008.185230045812
0.0,16.821402607151263,2996.6720444047824
0.0,16.821258602772282,2986.9315048798453
0.0,16.821083910785102,2974.6348850182258
0.0,16.82094071029882,2963.9785216776654
0.0,16.820753746642886,2954.790200584801
0.0,16.820606326420577,2943.0510607073084
0.0,16.82044892291271,2933.1076280772686
0.0,16.82035168132472,2920.850150558632
0.0,16.820190425759147,2909.5881865539122
0.0,16.820052334265515,2900.047007078072
0.0,16.81988495690483,2887.9540374106728
0.0,16.81974128534317,2877.5774338683113
0.0,16.81953515906301,2868.2442117838655
0.0,16.819387512294007,2856.564259498846
0.0,16.819229989538414,2846.6803768654354
0.0,16.819112620515384,2834.247860284988
0.0,16.818950817954786,2823.271994255949
0.0,16.818820119083004,2813.9407898935024
0.0,16.81865889103332,2802.0535662763286
0.0,16.818513336497922,2791.937267238507
0.0,16.81828251896919,2781.628102085786
0.0,16.818135996455805,2770.032002085587
0.0,16.817976714001993,2760.22092218115
0.0,16.81785121003508,2747.848648284329
0.0,16.817689293342628,2737.055859738961
0.0,16.81756514080193,2727.824001283152
0.0,16.817406239549143,2716.0308700155
0.0,16.81725949450676,2706.02531230147
0.0,16.817031497533414,2694.4783110679127
0.0,16.816886259912227,2683.0073387746233
0.0,16.81672430030198,2673.301498731831
0.0,16.81659239529684,2661.0407507449854
0.0,16.816430621113003,2650.4381816487294
0.0,16.816315554449552,2641.2517007663846
0.0,16.81615821218477,2629.526594199473
0.0,16.81601045316099,2619.5985255897976
0.0,16.815809280867548,2607.240759338718
0.0,16.815665811663656,2596.058419766836
0.0,16.81549695648709,2586.578078644816
0.0,16.81535744509549,2574.545078427298
0.0,16.815196496509316,2564.246278310893
0.0,16.815104597783655,2554.7706139872316
0.0,16.814947021957884,2543.106599931605
0.0,16.814799852854584,2533.2368457021657
0.0,16.814614355835932,2520.8112169904634
0.0,16.81447119088833,2509.8776243319735
0.0,16.814295524530298,2500.5727862613276
0.0,16.814151121145574,2488.70942566148
0.0,16.813991954252142,2478.6217301718425
0.0,16.813919553020114,2468.055761165917
0.0,16.813760839563443,2456.4793347436935
0.0,16.813615528147793,2446.685092843836
0.0,16.813437323803083,2434.3295751151163
0.0,16.813294221197943,2423.570889263181
0.0,16.813111944805254,2414.3530418802984
0.0,16.812965479837437,2402.5739894276485
0.0,16.812807438059377,2392.584851862397
0.0,16.81272669503101,2380.823652249528
0.0,16.812566579495105,2369.389992098091
0.0,16.812424400406286,2359.7142873564735
0.0,16.812252482911873,2347.4840503460728
0.0,16.81210921646291,2336.9247562747914
0.0,16.811916622832417,2327.731393860653
0.0,16.811768857579576,2316.015484826872
0.0,16.811611652396948,2306.097081891028
0.0,16.811503937312114,2293.699077405967
0.0,16.81134228435089,2282.568275131285
0.0,16.811207410797984,2273.126765388297
0.0,16.8110430819413,2261.1315339270514
0.0,16.810898699205637,2250.8811926485505
0.0,16.81068087431759,2241.2739696914796
0.0,16.81053361461604,2229.6217146313284
0.0,16.810375520082868,2219.762192652095
0.0,16.81025476831699,2207.343552689068
0.0,16.810092895527383,2196.436386930989
0.0,16.809964467287,2187.1468272407074
0.0,16.80980419924291,2175.2969091949053
0.0,16.809658196441465,2165.2251350572333
0.0,16.80942508034374,2154.494210780598
0.0,16.809278932259055,2142.930959666148
0.0,16.809118955331428,2133.147936482448
0.0,16.808991367519052,2120.803562591551
0.0,16.808829472386073,2110.0662021732423
0.0,16.808707673258734,2100.856104127597
0.0,16.80854933639515,2089.0850745306816
0.0,16.808402237474326,2079.105279105017
0.0,16.8081806277508,2067.2259466173127
0.0,16.808035955481706,2055.8178877732717
0.0,16.807872517217383,2046.1625939873047
0.0,16.807738695817935,2033.95252983924
0.0,16.807576980291106,2023.42106310511
0.0,16.807466398811744,2014.2187124493066
0.0,16.807309176380656,2002.5077968568075
0.0,16.80716138198383,1992.5944331218489
0.0,16.80696587888262,1980.1822909351904
0.0,16.806822566103026,1969.076691733906
0.0,16.806651785349445,1959.6538700936362
0.0,16.80651056466633,1947.6762955375016
0.0,16.806350109984905,1937.4484447520226
0.0,16.806265206452125,1927.764473328134
0.0,16.806107362467728,1916.1182056204416
0.0,16.805960589597177,1906.2638070227113
0.0,16.805776844386195,1893.8488030461594
0.0,16.8056337273598,1882.9530711006373
0.0,16.805456721646,1873.6696283884812
0.0,16.80531186300655,1861.824629928451
0.0,16.805152913214318,1851.7586319651455
0.0,16.805081101628197,1840.9634013839532
0.0,16.80492217945879,1829.4051840901375
0.0,16.804777265034634,1819.626366571989
0.0,16.804600082865356,1807.2856939919293
0.0,16.804456971930964,1796.5550850771833
0.0,16.80427343887421,1787.346952242544
0.0,16.804126723867405,1775.5776469616685
0.0,16.80396884117828,1765.5998530851211
0.0,16.803884840948133,1753.6954219974577
0.0,16.803724456244787,1742.2928717858158
0.0,16.80358302497659,1732.6419056549203
0.0,16.80341196976617,1720.4354873204138
0.0,16.80326867445523,1709.9090588025283
0.0,16.803073887172708,1700.7044605335686
0.0,16.802926111861726,1688.9937779216561
0.0,16.802768884707483,1679.0805793092586
0.0,16.80265940423743,1666.6681142335292
0.0,16.802497705371362,1655.5618907697499
0.0,16.80236347442658,1646.1385160454083
0.0,16.802199655099965,1634.159631440416
0.0,16.802055112960275,1623.9302186286077
0.0,16.80183514706524,1614.2521306700073
0.0,16.80168797784633,1602.604784653522
0.0,16.801529752809135,1592.7493758236524
0.0,16.801408682209537,1580.3329974419903
0.0,16.801246786082636,1569.4330209135078
0.0,16.801118658864354,1560.1469152718782
0.0,16.80095842797083,1548.2986451317556
0.0,16.800812412759694,1538.2287949945312
0.0,16.80057921777155,1527.4753512670286
0.0,16.800433098220275,1515.9129149590153
0.0,16.800273076984592,1506.1303982040845
0.0,16.800145573763942,1493.7849934471305
0.0,16.799983660647793,1483.0455484318081
0.0,16.799861828886865,1473.8339114459231
0.0,16.799703419015913,1462.0599691551179
0.0,16.799556371455918,1452.0768088349141
0.0,16.79933370119316,1440.2380801124964
0.0,16.79918894449716,1428.8188883122057
0.0,16.799025751520507,1419.154627240263
0.0,16.79889230300454,1406.9338391297497
0.0,16.79873056353667,1396.3878547144122
0.0,16.798619069694045,1387.1900273815263
0.0,16.79846180446717,1375.4745876991656
0.0,16.79831403042981,1365.5565144100692
0.0,16.798116670211943,1353.1572534625884
0.0,16.797973320770556,1342.0245373691432
0.0,16.79780320327642,1332.5814215776045
0.0,16.797662611995577,1320.5823602599557
0.0,16.79750195805898,1310.3274960718118
0.0,16.797414373897727,1300.7352276756428
0.0,16.79725664160318,1289.0799183647614
0.0,16.797109696715918,1279.217546517728
0.0,16.796924880845154,1266.7951159242075
0.0,16.796781755766858,1255.8757239466067
0.0,16.79660553065784,1246.578407844063
0.0,16.796461023753103,1234.7189338153694
0.0,16.796301898042042,1224.635925112525
0.0,16.796229798113902,1214.0212555930484
0.0,16.796071032347623,1202.4464873266406
0.0,16.79592580287408,1192.6533551802859
0.0,16.795747462645725,1180.2959956750274
0.0,16.795604389755297,1169.5338209269103
0.0,16.795422159603312,1160.313342178939
0.0,16.795275822031993,1148.5288983092178
0.0,16.795117693822984,1138.5335732132662
0.0,16.795038613442944,1126.8497661456931
0.0,16.794878642865427,1115.3981905747205
0.0,16.794736079060364,1105.7078855878208
0.0,16.79456349575313,1093.4594819422346
0.0,16.794420265843378,1082.875108644599
0.0,16.794229141127577,1073.685696802102
0.0,16.794081487004878,1061.9610051920172
0.0,16.793924215710987,1052.0332826576196
0.0,16.793820414685452,1039.6719377913978
0.0,16.793658873791095,1028.487112042727
0.0,16.793522696720775,1019.0047802890185
0.0,16.793357084404946,1006.9661763268523
0.0,16.79321305351193,996.6609118063934
0.0,16.79300048974838,987.2016034731641
0.0,16.792853033790763,975.5330977470148
0.0,16.792695237492865,965.6591321558226
0.0,16.79257664691403,953.2283793292008
0.0,16.79241479380314,942.2753335570451
0.0,16.792284906527392,932.957758035278
0.0,16.79212392100267,921.0786897628568
0.0,16.791978264035432,910.9724965968635
0.0,16.79174654998692,900.577750708675
0.0,16.791600108846517,888.9847442640457
0.0,16.79144069884422,879.1759360022843
0.0,16.791315320469305,866.8016949358862
0.0,16.79115336628773,856.0055337483063
0.0,16.791029211861126,846.7706539372448
0.0,16.79087014977106,834.9703444982879
0.0,16.79072350889466,824.9565872477833
0.0,16.79049389550993,813.5141487556975
0.0,16.790348496771433,802.0236799188424
0.0,16.790186928503932,792.3015892056283
0.0,16.79005591999054,780.0191098698415
0.0,16.789894097528528,769.3851003844757
0.0,16.78977739083602,760.1972328524571
0.0,16.78961981987156,748.4588005736005
0.0,16.78947221491685,738.5161956241354
0.0,16.789264659720544,726.2477465788834
0.0,16.789120914004023,714.9850972124841
0.0,16.78895396938588,705.4432980106212
0.0,16.78881643716205,693.3446541402955
0.0,16.7886550814708,682.9617676131893
0.0,16.788555755384177,673.6384101207368
0.0,16.788398393522183,661.952955706045
0.0,16.788250888236973,652.063696136931
0.0,16.78806171055399,639.6275882842019
0.0,16.787918515906384,628.6222722132225
0.0,16.787744972206895,619.2705390255433
0.0,16.787601824103298,607.3585190372542
0.0,16.78744208851754,597.2125619829167
0.0,16.787365522090628,587.1214608480223
0.0,16.787207235107534,575.5045914426446
0.0,16.787061148959488,565.6752018111292
0.0,16.786879630092265,553.2800638417248
0.0,16.786736582820687,542.4368397931103
0.0,16.78655753696539,533.1795178423636
0.0,16.78641216216255,521.3561224937439
0.0,16.786253467770287,511.31538399960846
0.0,16.786181047729478,500.2184707710985
0.0,16.786021828437917,488.68647767347284
0.0,16.785877508412778,478.92959079612046
0.0,16.78570155650443,466.60906444629654
0.0,16.785558439555995,455.914032001514
0.0,16.785373178675044,446.71527517656796
0.0,16.78522621668989,434.95564398076385
0.0,16.785068491937373,424.98906808905303
0.0,16.78498075444846,412.95030601369217
0.0,16.784820089800245,401.5830510172527
0.0,16.78467952835571,391.95981993339956
0.0,16.78450935992412,379.7783819644246
0.0,16.784366022104788,369.2861622723285
0.0,16.78416878404795,360.06407272513025
0.0,16.784021043877175,348.3569982473273
0.0,16.783863755280265,338.447133095935
0.0,16.783753472136492,326.0274650240317
0.0,16.78359174206712,314.931896626018
0.0,16.78345783564941,305.5160163284745
0.0,16.783294173158836,293.5412250338122
0.0,16.7831495826404,283.3173975381069
0.0,16.782928967783935,273.61943106818944
0.0,16.78278182857275,261.97124797618017
0.0,16.7826235694816,252.11480923835188
0.0,16.78250293733944,239.69531602179632
0.0,16.782341015776183,228.78575243800879
0.0,16.782212654754005,219.4930683032144
0.0,16.78205218846755,207.63531218655407
0.0,16.78190629964069,197.55428873957135
0.0,16.781673234973745,186.91643636161461
0.0,16.78152703067395,175.34176093200222
0.0,16.7813672003849,165.5483631894458
0.0,16.781240778451423,153.18824118655175
0.0,16.781078809243137,142.42008406948298
0.0,16.780955882119756,133.19580535357818
0.0,16.78079705171656,121.40523235383444
0.0,16.780650278979714,111.40274461894296
0.0,16.78042267985068,99.81064470112324
0.0,16.780207177288023,90.00647418457083
0.0,16.78000388227087,81.98977860528976
0.0,16.779812934664687,75.75997889181599
0.0,16.779634523274698,71.31628234917298
0.0,16.77946893732988,68.6574504263699
0.0,16.779316785205598,67.78078287933022
0.0,16.779164345279373,65.0776739299763
0.0,16.779011840544456,64.18706273823045
0.0,16.77885933631204,61.48396063758992
0.0,16.778706832163554,60.59335699607618
0.0,16.77855432801442,57.89026249642484
0.0,16.778401823865178,56.999666455434635
0.0,16.778249319715936,54.2965795553755
0.0,16.778096815566695,53.40599111421034
0.0,16.777944311417453,50.70291181397624
0.0,16.777791807268212,49.81233097240329
0.0,16.77763930311897,47.10925927059725
0.0,16.77748679896973,46.21868602745235
0.0,16.77733429482049,43.515621923841536
0.0,16.77718179067125,42.62505627865903
0.0,16.77702928652201,39.92199977231212
0.0,16.776876782372767,39.03144172439352
0.0,16.776724278223526,36.328392814612016
0.0,16.776571774074284,35.437842363724485
0.0,16.77641926992504,32.73480105004273
0.0,16.7762667657758,31.84425819502212
0.0,16.776114261626557,29.141224476741627
0.0,16.77596175747732,28.25068921688944
0.0,16.775809253328074,25.547663093311712
0.0,16.775656749178832,24.65713542816229
0.0,16.775504245029595,21.954116898356006
0.0,16.77535174088035,21.06359682721086
0.0,16.77519923673111,18.360585890477523
0.0,16.77504673258187,17.470073412638158
0.0,16.77489422843263,14.767070068744943
0.0,16.774741724283388,13.876565183745697
0.0,16.774589220134143,11.173569431528449
0.0,16.7744367159849,10.28307213820517
0.0,16.774284211835663,7.580083977431059
0.0,16.77413170768642,6.689594275550917
0.0,16.773979203537177,3.986613705055788
0.0,16.773826699387936,3.09613159368746
0.0,16.773674195238698,0.39315861370414495
0.0,16.77352169108946,-0.4973159080836922
